<?xml version="1.0" encoding="UTF-8"?>
<project-private xmlns="http://www.netbeans.org/ns/project-private/1">
    <editor-bookmarks xmlns="http://www.netbeans.org/ns/editor-bookmarks/2" lastBookmarkId="0"/>
    <open-files xmlns="http://www.netbeans.org/ns/projectui-open-files/2">
        <group>
            <file>file:/C:/Users/Pauler/Documents/NetBeansProjects/LDDAnim/src/java/Model/Kapcsolat.java</file>
            <file>file:/C:/Users/Pauler/Documents/NetBeansProjects/LDDAnim/src/java/Service/AnimService.java</file>
            <file>file:/C:/Users/Pauler/Documents/NetBeansProjects/LDDAnim/src/conf/persistence.xml</file>
            <file>file:/C:/Users/Pauler/Documents/NetBeansProjects/LDDAnim/web/WEB-INF/glassfish-resources.xml</file>
            <file>file:/C:/Users/Pauler/Documents/NetBeansProjects/LDDAnim/web/WEB-INF/web.xml</file>
            <file>file:/C:/Users/Pauler/Documents/NetBeansProjects/LDDAnim/src/java/Service/JsonConvert.java</file>
            <file>file:/C:/Users/Pauler/Documents/NetBeansProjects/LDDAnim/src/java/Model/Anim.java</file>
            <file>file:/C:/Users/Pauler/Documents/NetBeansProjects/LDDAnim/web/index.html</file>
            <file>file:/C:/Users/Pauler/Documents/NetBeansProjects/LDDAnim/src/java/Controller/AnimServlet.java</file>
            <file>file:/C:/Users/Pauler/Documents/NetBeansProjects/LDDAnim/src/java/Model/User.java</file>
            <file>file:/C:/Users/Pauler/Documents/NetBeansProjects/LDDAnim/src/java/Service/UserService.java</file>
            <file>file:/C:/Users/Pauler/Documents/NetBeansProjects/LDDAnim/web/login.html</file>
            <file>file:/C:/Users/Pauler/Documents/NetBeansProjects/LDDAnim/src/java/Controller/UserServlet.java</file>
        </group>
    </open-files>
</project-private>
